StudentID,Python,DBMS,Mathematics,MachineLearning,Attendance,StudyHours,Interest
1,80,55,48,62,72,3,Data Science
2,75,68,72,70,85,4,Data Science
3,60,45,52,55,68,2,Web Development
4,90,82,78,85,92,6,Artificial Intelligence
5,55,50,42,48,65,2,Data Science
6,70,72,65,68,80,4,Software Development
7,85,60,55,75,88,5,Artificial Intelligence
8,65,48,45,50,70,2,Data Science
9,78,75,80,76,90,5,Data Science
10,58,62,50,55,74,3,Cloud Computing
11,88,80,85,90,95,7,Artificial Intelligence
12,72,58,60,65,78,4,Data Science
13,62,55,48,52,69,2,Web Development
14,82,70,68,78,86,5,Data Science
15,68,64,72,67,81,4,Software Development
16,91,85,88,92,96,7,Artificial Intelligence
17,57,52,44,49,67,2,Data Science
18,76,73,70,74,84,5,Cloud Computing
19,84,65,58,72,87,5,Data Science
20,63,59,55,60,76,3,Software Development
